,subclass,ability,content,subclass_FR,contability_FR,content_FR,levels
0,arcana,Arcane Initiate,"When you choose this domain at 1st level, you gain proficiency in the Arcana skill, and you gain two cantrips of your choice from the wizard spell list. For you, these cantrips count as Cleric cantrips.",arcanes,Initié aux arcanes,"Lorsque vous choisissez ce domaine au niveau 1, vous obtenez la maîtrise de la compétence Arcanes et vous obtenez deux sorts de votre choix dans la liste des sorts de magicien. Pour vous, ces sorts comptent comme des sorts de clerc.",1.0
1,arcana,Channel Divinity: Arcane Abjuration,"Starting at 2nd level, you can use your Channel Divinity to abjure otherworldly creatures.As an action, you present your holy symbol, and one celestial, elemental, fey, or fiend of your choice that is within 30 feet of you must make a Wisdom saving throw, provided that the creature can see or hear you. If the creature fails its saving throw, it is turned for 1 minute or until it takes any damage.A turned creature must spend its turns trying to move as far away from you as it can, and it can't willingly end its move in a space within 30 feet of you. It also can't take reactions. For its action, it can only use the Dash action or try to escape from an effect that prevents it from moving. If there's nowhere to move, the creature can use the Dodge action.After you reach 5th level, when a creature fails its saving throw against your Arcane Abjuration feature, the creature is banished for 1 minute (as in the Banishment spell, no concentration required) if it isn't on its plane of origin and its challenge rating is at or below a certain threshold, as shown on the Arcane Banishment table.",arcanes,Divinité de canal : Abjuration arcanique,"À partir du niveau 2, vous pouvez utiliser votre Canalisation de Divinité pour abjurer des créatures d'un autre monde. Par une action, vous présentez votre symbole sacré et une créature céleste, élémentaire, fée ou démon de votre choix située à 9 mètres ou moins de vous doit effectuer un jet de sauvegarde de Sagesse, à condition que la créature puisse vous voir ou vous entendre. Si la créature rate son jet de sauvegarde, elle est retournée pendant 1 minute ou jusqu'à ce qu'elle subisse des dégâts. Une créature retournée doit passer ses tours à essayer de s'éloigner le plus possible de vous et ne peut pas terminer volontairement son déplacement dans un espace situé à 9 mètres ou moins de vous. Elle ne peut pas non plus prendre de réactions. Pour son action, elle ne peut utiliser que l'action Fonce ou essayer d'échapper à un effet qui l'empêche de bouger. S'il n'y a nulle part où se déplacer, la créature peut utiliser l'action Esquiver. Après avoir atteint le niveau 5, lorsqu'une créature échoue à son jet de sauvegarde contre votre capacité d'Abjuration arcanique, la créature est bannie pendant 1 minute (comme dans le sort Bannissement, aucune concentration requise) si elle n'est pas sur son plan d'origine et que son niveau de défi est égal ou inférieur à un certain seuil, comme indiqué dans le tableau de Bannissement arcanique.",2.0
2,arcana,Arcane Banishment,"

Cleric Level
Banishes Creatures of CR…


5th
1/2 or lower


8th
1 or lower


11th
2 or lower


14th
3 or lower


17th
4 or lower

",arcanes,Bannissement des arcanes,"Niveau de clerc
Bannit les créatures de CR…

5e
1/2 ou moins

8e
1 ou moins

11e
2 ou moins

14e
3 ou moins

17e
4 ou moins",5.0
3,arcana,Spell Breaker,"Starting at 6th level, when you restore hit points to an ally with a spell of 1st level or higher, you can also end one spell of your choice on that creature. The level of the spell you end must be equal to or lower than the level of the spell slot you use to cast the healing spell.",arcanes,Briseur de sorts,"À partir du niveau 6, lorsque vous restaurez des points de vie sur un allié avec un sort de niveau 1 ou supérieur, vous pouvez également mettre fin à un sort de votre choix sur cette créature. Le niveau du sort que vous mettez fin doit être égal ou inférieur au niveau de l'emplacement de sort que vous utilisez pour lancer le sort de soins.",6.0
4,arcana,Potent Spellcasting,"Starting at 8th level, you add your Wisdom modifier to the damage you deal with any cleric cantrip.",arcanes,Lancer de sorts puissant,"À partir du niveau 8, vous ajoutez votre modificateur de Sagesse aux dégâts que vous infligez avec n'importe quel tour de passe-passe de clerc.",8.0
5,arcana,Arcane Mastery,"At 17th level, you choose four spells from the wizard spell list, one from each of the following levels: 6th, 7th, 8th, and 9th. You add them to your list of domain spells. Like your other domain spells, they are always prepared and count as cleric spells for you.Source: Sword Coast Adventurer's Guide",arcanes,Maîtrise des arcanes,"Au niveau 17, vous choisissez quatre sorts dans la liste des sorts de magicien, un de chacun des niveaux suivants : 6e, 7e, 8e et 9e. Vous les ajoutez à votre liste de sorts de domaine. Comme vos autres sorts de domaine, ils sont toujours préparés et comptent comme des sorts de clerc pour vous. Source : Sword Coast Adventurer's Guide",17.0
6,blood,Domain Spells,"You gain domain spells at the cleric levels listed in the Blood Domain Spells table.

Cleric Level
Spells


1st
False Life, Sleep


3rd
Hold Person, Ray of Enfeeblement


5th
Haste, Slow


7th
Blight, Stoneskin


9th
Dominate Person, Hold Monster

",sang,Sorts de domaine,"Vous obtenez des sorts de domaine aux niveaux de clerc répertoriés dans le tableau des sorts du domaine du sang.

Niveau de clerc
Sorts

1er
Fausse vie, Sommeil

3e
Emprisonnement de personne, Rayon d'affaiblissement

5e
Hâte, Lenteur

7e
Fléau, Peau de pierre

9e
Domination de personne, Emprisonnement de monstre",1.0
7,blood,Bonus Proficiencies,"When you choose this domain at 1st level, you gain proficiency with martial weapons.",sang,Compétences bonus,"Lorsque vous choisissez ce domaine au niveau 1, vous obtenez la maîtrise des armes martiales.",1.0
8,blood,Bloodletting Focus,"Starting at 1st level, your divine magic draws the blood from magically inflicted wounds, worsening the agony of your foes. When you cast a damage-dealing spell of 1st level or higher whose duration is instantaneous, any creature with blood that takes damage from the spell takes extra necrotic damage equal to 2 + the spell's level.",sang,Focus sur la saignée,"À partir du niveau 1, votre magie divine tire le sang des blessures infligées par magie, aggravant l'agonie de vos ennemis. Lorsque vous lancez un sort de niveau 1 ou supérieur infligeant des dégâts dont la durée est instantanée, toute créature portant du sang qui subit des dégâts du sort subit des dégâts nécrotiques supplémentaires égaux à 2 + le niveau du sort.",1.0
9,blood,Channel Divinity: Crimson Bond,"Starting at 2nd level, you can use your Channel Divinity to form a supernatural bond with a creature you can see, or with a creature for which you possess a blood sample. This bond lasts for 1 hour or until your concentration is broken (as if concentrating on a spell).While the bond is in effect, you can use an action to learn the target's approximate distance and direction from you, as well as its current hit points and any conditions affecting it, as long as the target is within 10 miles of you. Alternatively, you can use your action to attempt to connect with the target's senses. You take 2d6 necrotic damage and the target makes a Constitution saving throw against your spell save DC. On a successful save, the bond ends. On a failure, you can choose to either see or hear through the target's senses for a number of minutes equal to your Wisdom modifier (minimum 1 minute). During this time, you are blinded or deafened (respectively) with regard to your own senses. When the connection ends, the bond is lost.Regardless of the outcome, the target feels a wave of unease pass over it when it makes this save.",sang,Divinité de la chaîne : Crimson Bond,"À partir du niveau 2, vous pouvez utiliser votre Canalisation divine pour former un lien surnaturel avec une créature que vous pouvez voir ou avec une créature dont vous possédez un échantillon de sang. Ce lien dure 1 heure ou jusqu'à ce que votre concentration soit rompue (comme si vous vous concentriez sur un sort). Pendant que le lien est en vigueur, vous pouvez utiliser une action pour connaître la distance approximative et la direction de la cible par rapport à vous, ainsi que ses points de vie actuels et toutes les conditions qui l'affectent, tant que la cible se trouve à 16 kilomètres de vous. Alternativement, vous pouvez utiliser votre action pour tenter de vous connecter aux sens de la cible. Vous subissez 2d6 dégâts nécrotiques et la cible effectue un jet de sauvegarde de Constitution contre le DD de sauvegarde de votre sort. En cas de réussite, le lien prend fin. En cas d'échec, vous pouvez choisir de voir ou d'entendre via les sens de la cible pendant un nombre de minutes égal à votre modificateur de Sagesse (minimum 1 minute). Pendant ce temps, vous êtes respectivement aveuglé ou assourdi en ce qui concerne vos propres sens. Lorsque la connexion se termine, le lien est perdu. Quel que soit le résultat, la cible ressent une vague de malaise l'envahir lorsqu'elle réussit ce jet de sauvegarde.",2.0
10,blood,Channel Divinity: Blood Puppet,"Starting at 6th level, you can use your Channel Divinity to briefly control a creature's actions—whether that creature is living or dead. As an action, you target a Large or smaller creature or corpse within 60 feet of you that has blood. A creature you target must succeed on a Wisdom saving throw against your spell save DC or become charmed by you. An unconscious creature automatically fails its saving throw, and isn't incapacitated while you control its actions. A corpse targeted by this effect gains a semblance of life that you control.On the affected creature or animated corpse's turn, you can command it (no action required) to move up to half its speed and use its action to do one of the following:
Interact with an object
Make a single attack
Do nothing
An animated corpse or an unconscious creature takes its turn immediately after yours, but can't move or take actions unless you command it to do so. Its statistics are the same as when it was alive or conscious.An affected living creature makes a new saving throw at the end of each of its turns, ending the effect on itself on a success. For any target, your control lasts for 1 minute or until your concentration is broken (as if concentrating on a spell).",sang,Divinité de la chaîne : Marionnette de sang,"À partir du niveau 6, vous pouvez utiliser votre Canalisation de divinité pour contrôler brièvement les actions d'une créature, qu'elle soit vivante ou morte. Par une action, vous ciblez une créature ou un cadavre de taille G ou plus petit à 18 mètres ou moins de vous qui a du sang. Une créature que vous ciblez doit réussir un jet de sauvegarde de Sagesse contre le DD de sauvegarde de votre sort ou être charmée par vous. Une créature inconsciente échoue automatiquement à son jet de sauvegarde et n'est pas neutralisée tant que vous contrôlez ses actions. Un cadavre ciblé par cet effet gagne un semblant de vie que vous contrôlez.Pendant le tour de la créature ou du cadavre animé affecté, vous pouvez lui ordonner (aucune action requise) de se déplacer jusqu'à la moitié de sa vitesse et utiliser son action pour faire l'une des choses suivantes :
Interagir avec un objet
Effectuer une attaque unique
Ne rien faire
Un cadavre animé ou une créature inconsciente commence son tour immédiatement après le vôtre, mais ne peut pas se déplacer ou entreprendre d'actions à moins que vous ne lui ordonniez de le faire. Ses statistiques sont les mêmes que lorsqu'elle était vivante ou consciente. Une créature vivante affectée effectue un nouveau jet de sauvegarde à la fin de chacun de ses tours, mettant fin à l'effet sur elle-même en cas de réussite. Pour n'importe quelle cible, votre contrôle dure 1 minute ou jusqu'à ce que votre concentration soit rompue (comme si vous vous concentriez sur un sort).",6.0
11,blood,Sanguine Recall,"At 6th level, you can sacrifice a portion of your own vitality to recover expended spell slots as an action. The spell slots can have a combined level equal to or less than half your cleric level (rounded up), and none of the slots can be 6th level or higher. You take 1d8 necrotic damage for each spell slot level recovered, which can't be reduced in any way. You can't use this feature again until you finish a long rest.For example, if you're an 8th-level cleric, you can recover up to four levels of spell slots—a single 4th-level slot, two 2nd-level slots, a 3rd-level slot and a 1st-level slot, or four 1st-level slots. You then take 4d8 necrotic damage.",sang,Rappel de Sanguine,"Au niveau 6, vous pouvez sacrifier une partie de votre propre vitalité pour récupérer les emplacements de sorts dépensés par une action. Les emplacements de sorts peuvent avoir un niveau combiné égal ou inférieur à la moitié de votre niveau de prêtre (arrondi au supérieur), et aucun des emplacements ne peut être de niveau 6 ou supérieur. Vous subissez 1d8 dégâts nécrotiques pour chaque niveau d'emplacement de sort récupéré, qui ne peut en aucun cas être réduit. Vous ne pouvez pas utiliser cette capacité à nouveau avant d'avoir terminé un repos long. Par exemple, si vous êtes un prêtre de niveau 8, vous pouvez récupérer jusqu'à quatre niveaux d'emplacements de sorts : un seul emplacement de niveau 4, deux emplacements de niveau 2, un emplacement de niveau 3 et un emplacement de niveau 1, ou quatre emplacements de niveau 1. Vous subissez alors 4d8 dégâts nécrotiques.",6.0
12,blood,Divine Strike,"At 8th level, you gain the ability to cause the physical wounds you deal out to bleed profusely. Once on each of your turns when you hit a creature with a weapon attack, you can cause the attack to deal an extra 1d8 necrotic damage to the target.",sang,Frappe divine,"Au niveau 8, vous obtenez la capacité de faire saigner abondamment les blessures physiques que vous infligez. Une fois à chacun de vos tours, lorsque vous touchez une créature avec une attaque d'arme, vous pouvez faire en sorte que l'attaque inflige 1d8 dégâts nécrotiques supplémentaires à la cible.",8.0
13,blood,Divine Strike,"When you reach 14th level, the extra damage increases to 2d8.",sang,Frappe divine,"Lorsque vous atteignez le niveau 14, les dégâts supplémentaires augmentent à 2d8.",14.0
14,blood,Channel Divinity: Blood Puppet,"At 17th level, you can use this feature to target a Huge or smaller creature or corpse.",sang,Divinité de la chaîne : Marionnette de sang,"Au niveau 17, vous pouvez utiliser cette fonctionnalité pour cibler une créature ou un cadavre de taille énorme ou plus petite.",17.0
15,blood,Vascular Corruption Aura,"At 17th level, you can use your action to emit a deathly aura of necrotic energy that causes the veins of nearby foes to burst and bleed. For 1 minute, any hostile creature with blood that moves within 30 feet of you for the first time on a turn or starts its turn there takes 3d6 necrotic damage. If a hostile creature with blood regains hit points while in the aura, it regains only half as many hit points as expected.Once you use this feature, you can't use it again until you finish a long rest.Source: Tal'Dorei Campaign Setting Reborn",sang,Aura de corruption vasculaire,"Au niveau 17, vous pouvez utiliser votre action pour émettre une aura mortelle d'énergie nécrotique qui fait éclater et saigner les veines des ennemis proches. Pendant 1 minute, toute créature hostile avec du sang qui se déplace à moins de 9 mètres de vous pour la première fois au cours d'un tour ou qui commence son tour à cet endroit subit 3d6 dégâts nécrotiques. Si une créature hostile avec du sang regagne des points de vie alors qu'elle est dans l'aura, elle ne récupère que la moitié des points de vie prévus. Une fois que vous avez utilisé cette capacité, vous ne pouvez plus l'utiliser avant d'avoir terminé un repos long. Source : Tal'Dorei Campaign Setting Reborn",17.0
16,community,Community Domain Spells,"

Cleric Level
Spells


1st
Bless, Goodberry


3rd
Aid, Heroism


5th
Beacon of Hope, Spirit Guardians


7th
Banishment, Faithful Hound


9th
Mass Cure Wounds, Telepathic Bond

",communauté,Sorts du domaine communautaire,"Niveau de clerc
Sorts

1er
Bénédiction, Goodberry

3e
Aide, Héroïsme

5e
Lanterne d'espoir, Gardiens spirituels

7e
Bannissement, Chien fidèle

9e
Soin de masse des blessures, Lien télépathique",1.0
17,community,Blessing of the Hearth,"From 1st level, you gain the ability to conjure a small flagstone hearth with a simple iron cooking pot whenever you rest. This hearth helps warm you and your companions, and can be used to prepare hearty and nutritious meals on the road. If you or any friendly creatures you make camp with would regain hit points at the end of a short rest by spending one or more hit dice, each of those creatures may choose to re-roll one of their resting dice, taking the higher roll between the two.Additionally, you gain proficiency with Cook’s utensils.",communauté,Bénédiction du foyer,"À partir du niveau 1, vous pouvez invoquer un petit foyer en pierre avec une simple marmite en fer lorsque vous vous reposez. Ce foyer vous aide à vous réchauffer, vous et vos compagnons, et peut être utilisé pour préparer des repas copieux et nutritifs sur la route. Si vous ou des créatures amies avec lesquelles vous campez devez regagner des points de vie à la fin d'un court repos en dépensant un ou plusieurs dés de vie, chacune de ces créatures peut choisir de relancer l'un de ses dés de repos, en prenant le résultat le plus élevé entre les deux. De plus, vous gagnez la maîtrise des ustensiles de cuisine.",1.0
18,community,Channel Divinity: Magnificent Feast,"Starting at 2nd level, you may use your Channel Divinity to conjure a magical feast for the rough road ahead. By spending 10 minutes, you may create a number of delicious, well-prepared, yet simple food items equal to your Wisdom modifier (minimum of 1). These food items will last up to 8 hours or until the end of a rest, and will never spoil. Eating food created in this way takes an action, providing whomever eats it with healing equal to 2d4 + your cleric level, and can remove either the frightened or poisoned condition from that creature (chosen by the creature when consumed).",communauté,Channel Divinity : Magnifique Festin,"À partir du niveau 2, vous pouvez utiliser votre Canalisation de Divinité pour invoquer un festin magique pour la route difficile qui vous attend. En y consacrant 10 minutes, vous pouvez créer un nombre de plats délicieux, bien préparés et pourtant simples, égal à votre modificateur de Sagesse (minimum de 1). Ces plats se conserveront jusqu'à 8 heures ou jusqu'à la fin d'un repos et ne s'abîmeront jamais. Manger de la nourriture créée de cette manière nécessite une action, procurant à celui qui la mange des soins égaux à 2d4 + votre niveau de prêtre, et peut supprimer l'état de peur ou d'empoisonnement de cette créature (choisi par la créature lors de la consommation).",2.0
19,community,Channel Divinity: Community Watch,"Starting at 6th level, you can use your Channel Divinity to instill a feeling of vigilant protection in you and your allies. You grant yourself and a number of allies, up to your Wisdom modifier (minimum of 1), a boon from your deity. Allies must be able to see you and be within 30 feet to receive the boon. Once per round, a creature benefitting from this boon can roll a d6, adding the result to a skill check, saving throw, or attack roll. This effect lasts for a number of rounds equal to your Wisdom modifier (minimum of 1 round). A creature can only benefit from this effect if it can see at least one of its allies.",communauté,Channel Divinity : Veille communautaire,"À partir du niveau 6, vous pouvez utiliser votre Canalisation divine pour instiller un sentiment de protection vigilante en vous et vos alliés. Vous vous accordez, ainsi qu'à un certain nombre d'alliés, jusqu'à votre modificateur de Sagesse (minimum de 1), un avantage de votre divinité. Les alliés doivent pouvoir vous voir et se trouver à moins de 9 mètres pour recevoir l'avantage. Une fois par round, une créature bénéficiant de cet avantage peut lancer un d6, ajoutant le résultat à un test de compétence, un jet de sauvegarde ou un jet d'attaque. Cet effet dure un nombre de rounds égal à votre modificateur de Sagesse (minimum de 1 round). Une créature ne peut bénéficier de cet effet que si elle peut voir au moins un de ses alliés.",6.0
20,community,Divine Strike,"At 8th level, you gain the ability to infuse your weapon with the power to punish wrongdoing. Once on each of your turns, when you hit a creature with a weapon attack, you can cause the attack to deal an extra 1d8 psychic damage to the target. Visions of the evil they have wrought upon others flash before their eyes. You choose whether any foe reduced to 0 hit points by this attack remains stable or dies. When you reach 14th level, the extra damage increases to 2d8.",communauté,Frappe divine,"Au niveau 8, vous obtenez la capacité d'infuser votre arme avec le pouvoir de punir les mauvaises actions. Une fois à chacun de vos tours, lorsque vous touchez une créature avec une attaque d'arme, vous pouvez faire en sorte que l'attaque inflige 1d8 dégâts psychiques supplémentaires à la cible. Des visions du mal qu'elle a fait subir aux autres défilent devant ses yeux. Vous choisissez si l'ennemi réduit à 0 point de vie par cette attaque reste stable ou meurt. Lorsque vous atteignez le niveau 14, les dégâts supplémentaires augmentent à 2d8.",8.0
21,community,Paragon of the People,"At 17th level, your Community Watch grants an additional d6 to each affected ally. It also grants immunity to fear for the duration of the effect. Additionally, your Magnificent Feast produces twice as many foodstuffs, each of which can, when consumed, remove a single curse or disease affecting the target (including attunement to a cursed item).Source: Hit Point Press: Humblewood Campaign Setting",communauté,Parangon du peuple,"Au niveau 17, votre Surveillance communautaire accorde un d6 supplémentaire à chaque allié affecté. Elle confère également l'immunité à la peur pendant la durée de l'effet. De plus, votre Festin magnifique produit deux fois plus de denrées alimentaires, chacune pouvant, lorsqu'elle est consommée, supprimer une seule malédiction ou maladie affectant la cible (y compris l'harmonisation avec un objet maudit). Source : Hit Point Press : Cadre de campagne de Humblewood",17.0
22,death,Bonus Proficiency,"When you choose this domain at 1st level, you gain proficiency with martial weapons.",la mort,Bonus de compétence,"Lorsque vous choisissez ce domaine au niveau 1, vous obtenez la maîtrise des armes martiales.",1.0
23,death,Reaper,"At 1st level, you learn one necromancy cantrip of your choice from any spell list. When you cast a necromancy cantrip that normally targets only one creature, the spell can instead target two creatures within range and within 5 feet of each other.",la mort,Moissonneuse,"Au niveau 1, vous apprenez un sort de nécromancie de votre choix parmi n'importe quelle liste de sorts. Lorsque vous lancez un sort de nécromancie qui ne cible normalement qu'une seule créature, le sort peut à la place cibler deux créatures à portée et à 1,50 mètre l'une de l'autre.",1.0
24,death,Channel Divinity: Touch of Death,"Starting at 2nd level, you can use Channel Divinity to destroy another creature's life force by touch. When you hit a creature with a melee attack, you can use Channel Divinity to deal extra necrotic damage to the target. The damage equals 5 + twice your cleric level.",la mort,Channel Divinity : Toucher de la mort,"À partir du niveau 2, vous pouvez utiliser Canalisation divine pour détruire la force vitale d'une autre créature par contact. Lorsque vous touchez une créature avec une attaque au corps à corps, vous pouvez utiliser Canalisation divine pour infliger des dégâts nécrotiques supplémentaires à la cible. Les dégâts sont égaux à 5 + deux fois votre niveau de prêtre.",2.0
25,death,Inescapable Destruction,"Starting at 6th level, your ability to channel negative energy becomes more potent. Necrotic damage dealt by your cleric spells and Channel Divinity options ignores resistance to necrotic damage.",la mort,Destruction inéluctable,"À partir du niveau 6, votre capacité à canaliser l'énergie négative devient plus puissante. Les dégâts nécrotiques infligés par vos sorts de clerc et vos options Canalisation divine ignorent la résistance aux dégâts nécrotiques.",6.0
26,death,Divine Strike,"At 8th level, you gain the ability to infuse your weapon strikes with necrotic energy. Once on each of your turns when you hit a creature with a weapon attack, you can cause the attack to deal an a 1d8 necrotic damage to the target. When you reach 14th level, the extra damage increases to 2d8.",la mort,Frappe divine,"Au niveau 8, vous obtenez la capacité d'imprégner vos attaques d'arme d'énergie nécrotique. Une fois à chacun de vos tours, lorsque vous frappez une créature avec une attaque d'arme, vous pouvez faire en sorte que l'attaque inflige 1d8 dégâts nécrotiques à la cible. Lorsque vous atteignez le niveau 14, les dégâts supplémentaires augmentent à 2d8.",8.0
27,death,Improved Reaper,"Starting at 17th level, when you cast a necromancy spell of 1st through 5th level that targets only one creature, the spell can instead target two creatures within range and within 5 feet of each other. If the spell consumes its material components, you must provide them for each target.Source: Dungeon Master's Guide",la mort,Faucheur amélioré,"À partir du niveau 17, lorsque vous lancez un sort de nécromancie de niveau 1 à 5 qui ne cible qu'une seule créature, le sort peut à la place cibler deux créatures à portée et à 1,50 mètre l'une de l'autre. Si le sort consomme ses composants matériels, vous devez les fournir pour chaque cible. Source : Dungeon Master's Guide",17.0
28,forge,Bonus Proficiencies,"When you choose this domain at 1st level, you gain proficiency with heavy armor and smith's tools.",forge,Compétences bonus,"Lorsque vous choisissez ce domaine au niveau 1, vous obtenez la maîtrise des armures lourdes et des outils de forgeron.",1.0
29,forge,Blessing of the Forge,"At 1st level, you gain the ability to imbue magic into a weapon or armor. At the end of a long rest, you can touch one nonmagical object that is a suit of armor or a simple or martial weapon. Until the end of your next long rest or until you die, the object becomes a magic item, granting a +1 bonus to AC if it’s armor or a +1 bonus to attack and damage rolls if it’s a weapon.Once you use this feature, you can’t use it again until you finish a long rest.",forge,Bénédiction de la Forge,"Au niveau 1, vous obtenez la capacité d'imprégner de magie une arme ou une armure. À la fin d'un repos long, vous pouvez toucher un objet non magique qui est une armure ou une arme simple ou martiale. Jusqu'à la fin de votre prochain repos long ou jusqu'à votre mort, l'objet devient un objet magique, accordant un bonus de +1 à la CA s'il s'agit d'une armure ou un bonus de +1 aux jets d'attaque et de dégâts s'il s'agit d'une arme. Une fois que vous avez utilisé cette capacité, vous ne pouvez plus l'utiliser avant d'avoir terminé un repos long.",1.0
30,forge,Channel Divinity: Artisan's Blessing,"Starting at 2nd level, you can use your Channel Divinity to create simple items.You conduct an hour-long ritual that crafts a nonmagical item that must include some metal: a simple or martial weapon, a suit of armor, ten pieces of ammunition, a set of tools, or another metal object. The creation is completed at the end of the hour, coalescing in an unoccupied space of your choice on a surface within 5 feet of you.The thing you create can be something that is worth no more than 100 gp. As part of this ritual, you must lay out metal, which can include coins, with a value equal to the creation. The metal irretrievably coalesces and transforms into the creation at the ritual’s end, magically forming even nonmetal parts of the creation.The ritual can create a duplicate of a nonmagical item that contains metal, such as a key, if you possess the original during the ritual.",forge,Divinité du canal : Bénédiction de l'artisan,"À partir du niveau 2, vous pouvez utiliser votre Canalisation de Divinité pour créer des objets simples. Vous effectuez un rituel d'une heure qui permet de fabriquer un objet non magique qui doit contenir du métal : une arme simple ou martiale, une armure, dix pièces de munitions, un ensemble d'outils ou un autre objet métallique. La création est terminée à la fin de l'heure, se fondant dans un espace inoccupé de votre choix sur une surface à 1,50 mètre de vous. L'objet que vous créez peut être quelque chose qui ne vaut pas plus de 100 po. Dans le cadre de ce rituel, vous devez disposer du métal, qui peut inclure des pièces, d'une valeur égale à la création. Le métal se fond irrémédiablement et se transforme en la création à la fin du rituel, formant même par magie des parties non métalliques de la création. Le rituel peut créer un duplicata d'un objet non magique qui contient du métal, comme une clé, si vous possédez l'original pendant le rituel.",2.0
31,forge,Soul of the Forge,"Starting at 6th level, your mastery of the forge grants you special abilities:
You gain resistance to fire damage.
While wearing heavy armor, you gain a +1 bonus to AC.
",forge,L'âme de la forge,"À partir du niveau 6, votre maîtrise de la forge vous confère des capacités spéciales :
Vous gagnez une résistance aux dégâts de feu.
Lorsque vous portez une armure lourde, vous obtenez un bonus de +1 à la CA.",6.0
32,forge,Divine Strike,"At 8th level, you gain the ability to infuse your weapon strikes with the fiery power of the forge. Once on each of your turns when you hit a creature with a weapon attack, you can cause the attack to deal an extra 1d8 fire damage to the target. When you reach 14th level, the extra damage increases to 2d8.",forge,Frappe divine,"Au niveau 8, vous obtenez la capacité d'imprégner vos attaques d'armes de la puissance ardente de la forge. Une fois à chacun de vos tours, lorsque vous frappez une créature avec une attaque d'arme, vous pouvez faire en sorte que l'attaque inflige 1d8 dégâts de feu supplémentaires à la cible. Lorsque vous atteignez le niveau 14, les dégâts supplémentaires augmentent à 2d8.",8.0
33,forge,Saint of Forge and Fire,"At 17th level, your blessed affinity with fire and metal becomes more powerful:
You gain immunity to fire damage.
While wearing heavy armor, you have resistance to bludgeoning, piercing, and slashing damage from nonmagical attacks.
Source: Xanathar's Guide to Everything",forge,Saint de la Forge et du Feu,"Au niveau 17, votre affinité bénie avec le feu et le métal devient plus puissante :
Vous obtenez une immunité aux dégâts de feu.
Lorsque vous portez une armure lourde, vous avez une résistance aux dégâts contondants, perforants et tranchants des attaques non magiques.
Source : Xanathar's Guide to Everything",17.0
34,grave,Circle of Mortality,"At 1st level, you gain the ability to manipulate the line between life and death. When you would normally roll one or more dice to restore hit points with a spell to a creature at 0 hit points, you instead use the highest number possible for each die.In addition, you learn the Spare the Dying cantrip, which doesn't count against the number of cleric cantrips you know. For you, it has a range of 30 feet, and you can cast it as a bonus action.",tombe,Le cercle de la mortalité,"Au niveau 1, vous obtenez la capacité de manipuler la ligne entre la vie et la mort. Alors que vous lanceriez normalement un ou plusieurs dés pour restaurer des points de vie avec un sort sur une créature à 0 point de vie, vous utilisez à la place le nombre le plus élevé possible pour chaque dé. De plus, vous apprenez le tour de passe-passe Épargner les mourants, qui ne compte pas dans le nombre de tours de passe-passe de clerc que vous connaissez. Pour vous, il a une portée de 9 mètres et vous pouvez le lancer en tant qu'action bonus.",1.0
35,grave,Eyes of the Grave,"At 1st level, you gain the ability to occasionally sense the presence of the undead, whose existence is an insult to the natural cycle of life. As an action, you can open your awareness to magically detect undead. Until the end of your next turn, you know the location of any undead within 60 feet of you that isn't behind total cover and that isn't protected from divination magic. This sense doesn't tell you anything about a creature's capabilities or identity.You can use this feature a number of times equal to your Wisdom modifier (minimum of once). You regain all expended uses when you finish a long rest.",tombe,Les yeux de la tombe,"Au niveau 1, vous obtenez la capacité de sentir occasionnellement la présence des morts-vivants, dont l'existence est une insulte au cycle naturel de la vie. Par une action, vous pouvez ouvrir votre conscience pour détecter les morts-vivants par magie. Jusqu'à la fin de votre prochain tour, vous connaissez l'emplacement de tout mort-vivant à 18 mètres de vous qui n'est pas à couvert et qui n'est pas protégé de la magie de divination. Ce sens ne vous dit rien sur les capacités ou l'identité d'une créature. Vous pouvez utiliser cette capacité un nombre de fois égal à votre modificateur de Sagesse (minimum d'une fois). Vous récupérez toutes les utilisations dépensées lorsque vous terminez un repos long.",1.0
36,grave,Channel Divinity: Path to the Grave,"Starting at 2nd level, you can use your Channel Divinity to mark another creature’s life force for termination.As an action, you choose one creature you can see within 30 feet of you, cursing it until the end of your next turn. The next time you or an ally of yours hits the cursed creature with an attack, the creature has vulnerability to all of that attack's damage, and then the curse ends.",tombe,Channel Divinity : Le chemin vers la tombe,"À partir du niveau 2, vous pouvez utiliser votre Canalisation divine pour marquer la force vitale d'une autre créature et la supprimer. Par une action, vous choisissez une créature que vous pouvez voir à 9 mètres ou moins de vous et la maudit jusqu'à la fin de votre prochain tour. La prochaine fois que vous ou un de vos alliés frappez la créature maudite avec une attaque, la créature est vulnérable à tous les dégâts de cette attaque, puis la malédiction prend fin.",2.0
37,grave,Sentinel at Death's Door,"At 6th level, you gain the ability to impede death’s progress. As a reaction when you or an ally that you can see within 30 feet of you suffers a critical hit, you can turn that attack into a normal hit. Any effects triggered by a critical hit are canceled.You can use this feature a number of times equal to your Wisdom modifier (minimum of once). You regain all expended uses when you finish a long rest.",tombe,Sentinelle aux portes de la mort,"Au niveau 6, vous obtenez la capacité d'entraver la progression de la mort. En réaction, lorsque vous ou un allié visible à moins de 9 mètres de vous subissez un coup critique, vous pouvez transformer cette attaque en coup normal. Tous les effets déclenchés par un coup critique sont annulés. Vous pouvez utiliser cette capacité un nombre de fois égal à votre modificateur de Sagesse (minimum d'une fois). Vous récupérez toutes les utilisations dépensées lorsque vous terminez un repos long.",6.0
38,grave,Potent Spellcasting,"Starting at 8th level, you add your Wisdom modifier to the damage you deal with any cleric cantrip.",tombe,Lancer de sorts puissant,"À partir du niveau 8, vous ajoutez votre modificateur de Sagesse aux dégâts que vous infligez avec n'importe quel tour de passe-passe de clerc.",8.0
39,grave,Keeper of Souls,"At 17th level, you can seize a trace of vitality from a parting soul and use it to heal the living. When an enemy you can see dies within 30 feet of you, you or one ally of your choice that is within 30 feet of you regains hit points equal to the enemy’s number of Hit Dice. You can use this feature only if you aren't incapacitated. Once you use it, you can't do so again until the start of your next turn.Source: Xanathar's Guide to Everything",tombe,Gardien des âmes,"Au niveau 17, vous pouvez récupérer une trace de vitalité d'une âme en train de mourir et l'utiliser pour soigner les vivants. Lorsqu'un ennemi que vous pouvez voir meurt à moins de 9 mètres de vous, vous ou un allié de votre choix qui se trouve à moins de 9 mètres de vous regagnez un nombre de points de vie égal au nombre de dés de vie de l'ennemi. Vous ne pouvez utiliser cette capacité que si vous n'êtes pas neutralisé. Une fois que vous l'avez utilisée, vous ne pouvez plus le faire avant le début de votre prochain tour. Source : Xanathar's Guide to Everything",17.0
40,knowledge,Blessings of Knowledge,"At 1st level, you learn two languages of your choice. You also become proficient in your choice of two of the following skills: Arcana, History, Nature, or Religion.Your proficiency bonus is doubled for any ability check you make that uses either of those skills.",connaissance,Les bénédictions de la connaissance,"Au niveau 1, vous apprenez deux langues de votre choix. Vous devenez également compétent dans deux des compétences suivantes : Arcanes, Histoire, Nature ou Religion. Votre bonus de maîtrise est doublé pour tout test de caractéristique que vous effectuez qui utilise l'une de ces compétences.",1.0
41,knowledge,Channel Divinity: Knowledge of the Ages,"Starting at 2nd level, you can use your Channel Divinity to tap into a divine well of knowledge. As an action, you choose one skill or tool. For 10 minutes, you have proficiency with the chosen skill or tool.",connaissance,Channel Divinity : La connaissance des âges,"À partir du niveau 2, vous pouvez utiliser votre Canalisation divine pour puiser dans un puits divin de connaissances. Par une action, vous choisissez une compétence ou un outil. Pendant 10 minutes, vous maîtrisez la compétence ou l'outil choisi.",2.0
42,knowledge,Channel Divinity: Read Thoughts,"At 6th level, you can use your Channel Divinity to read a creature's thoughts. You can then use your access to the creature's mind to command it.As an action, choose one creature that you can see within 60 feet of you. That creature must make a Wisdom saving throw. If the creature succeeds on the saving throw, you can't use this feature on it again until you finish a long rest.If the creature fails its save, you can read its surface thoughts (those foremost in its mind, reflecting its current emotions and what it ie actively thinking about) when it is within 60 feet of you. This effect lasts for 1 minute.During that time, you can use your action to end this effect and cast the Suggestion spell on the creature without expending a spell slot. The target automatically fails its saving throw against the spell.",connaissance,Divinité du canal : Lisez les pensées,"Au niveau 6, vous pouvez utiliser votre Canalisation de Divinité pour lire les pensées d'une créature. Vous pouvez ensuite utiliser votre accès à l'esprit de la créature pour lui donner des ordres. Par une action, choisissez une créature que vous pouvez voir à 18 mètres ou moins de vous. Cette créature doit réussir un jet de sauvegarde de Sagesse. Si la créature réussit son jet de sauvegarde, vous ne pouvez pas utiliser cette capacité sur elle à nouveau avant d'avoir terminé un repos long. Si la créature échoue à son jet de sauvegarde, vous pouvez lire ses pensées superficielles (celles qui sont au premier plan dans son esprit, reflétant ses émotions actuelles et ce à quoi elle pense activement) lorsqu'elle se trouve à 18 mètres ou moins de vous. Cet effet dure 1 minute. Pendant ce temps, vous pouvez utiliser votre action pour mettre fin à cet effet et lancer le sort Suggestion sur la créature sans dépenser d'emplacement de sort. La cible échoue automatiquement à son jet de sauvegarde contre le sort.",6.0
43,knowledge,Potent Spellcasting,"Starting at 8th level, you add your Wisdom modifier to the damage you deal with any cleric cantrip.",connaissance,Lancer de sorts puissant,"À partir du niveau 8, vous ajoutez votre modificateur de Sagesse aux dégâts que vous infligez avec n'importe quel tour de passe-passe de clerc.",8.0
44,knowledge,Visions of the Past,"Starting at 17th level, you can call up visions of the past that relate to an object you hold or your immediate surroundings. You spend at least 1 minute in meditation and prayer, then receive dreamlike, shadowy glimpses of recent events. You can meditate in this way for a number of minutes equal to your Wisdom score and must maintain concentration during that time, as if you were casting a spell.Once you use this feature, you can't use it again until you finish a short or long rest.Object ReadingHolding an object as you meditate, you can see visions of the object's previous owner. After meditating for 1 minute, you learn how the owner acquired and lost the object, as well as the most recent significant event involving the object and that owner. If the object was owned by another creature in the recent past (within a number of days equal to your Wisdom score), you can spend 1 additional minute for each owner to learn the same information about that creature.Area ReadingAs you meditate, you see visions of recent events in your immediate vicinity (a room, street, tunnel, clearing, or the like, up to a 50-foot cube), going back a number of days equal to your Wisdom score. For each minute you meditate, you learn about one significant event, beginning with the most recent. Significant events typically involve powerful emotions, such as battles and betrayals, marriages and murders, births and funerals. However, they might also include more mundane events that are nevertheless important in your current situation.Source: Player's Handbook",connaissance,Visions du passé,"À partir du niveau 17, vous pouvez invoquer des visions du passé liées à un objet que vous tenez ou à votre environnement immédiat. Vous passez au moins 1 minute en méditation et en prière, puis recevez des aperçus oniriques et obscurs d'événements récents. Vous pouvez méditer de cette manière pendant un nombre de minutes égal à votre score de Sagesse et devez maintenir votre concentration pendant ce temps, comme si vous lanciez un sort. Une fois que vous avez utilisé cette capacité, vous ne pouvez plus l'utiliser avant d'avoir terminé un repos court ou long. Lecture d'objet En tenant un objet pendant que vous méditez, vous pouvez voir des visions de son ancien propriétaire. Après avoir médité pendant 1 minute, vous apprenez comment le propriétaire a acquis et perdu l'objet, ainsi que l'événement important le plus récent impliquant l'objet et son propriétaire. Si l'objet appartenait à une autre créature dans un passé récent (dans un délai égal à votre score de Sagesse), vous pouvez consacrer 1 minute supplémentaire à chaque propriétaire pour apprendre les mêmes informations sur cette créature. Lecture de zone Pendant que vous méditez, vous voyez des visions d'événements récents dans votre voisinage immédiat (une pièce, une rue, un tunnel, une clairière ou autre, jusqu'à un cube de 15 mètres), remontant à un nombre de jours égal à votre score de Sagesse. Pour chaque minute de méditation, vous en apprenez davantage sur un événement important, en commençant par le plus récent. Les événements importants impliquent généralement des émotions fortes, telles que des batailles et des trahisons, des mariages et des meurtres, des naissances et des funérailles. Cependant, ils peuvent également inclure des événements plus banals qui sont néanmoins importants dans votre situation actuelle. Source : Manuel du joueur",17.0
45,life,Bonus Proficiency,"When you choose this domain at 1st level, you gain proficiency with heavy armor.",vie,Bonus de compétence,"Lorsque vous choisissez ce domaine au niveau 1, vous obtenez la maîtrise des armures lourdes.",1.0
46,life,Disciple of Life,"Also starting at 1st level, your healing spells are more effective. Whenever you use a spell of 1st level or higher to restore hit points to a creature, the creature regains additional hit points equal to 2 + the spell's level.",vie,Disciple de la vie,"À partir du niveau 1, vos sorts de soins sont également plus efficaces. Chaque fois que vous utilisez un sort de niveau 1 ou supérieur pour restaurer des points de vie à une créature, celle-ci récupère des points de vie supplémentaires égaux à 2 + le niveau du sort.",1.0
47,life,Channel Divinity: Preserve Life,"Starting at 2nd level, you can use your Channel Divinity to heal the badly injured.As an action, you present your holy symbol and evoke healing energy that can restore a number of hit points equal to five times your cleric level. Choose any creatures within 30 feet of you, and divide those hit points among them. This feature can restore a creature to no more than half of its hit point maximum. You can't use this feature on an undead or a construct.",vie,Channel Divinity : Préserver la vie,"À partir du niveau 2, vous pouvez utiliser votre Canalisation divine pour soigner les blessés graves. Par une action, vous présentez votre symbole sacré et invoquez une énergie de guérison qui peut restaurer un nombre de points de vie égal à cinq fois votre niveau de prêtre. Choisissez n'importe quelle créature à 9 mètres de vous et répartissez ces points de vie entre elles. Cette capacité peut restaurer une créature à un maximum de la moitié de son maximum de points de vie. Vous ne pouvez pas utiliser cette capacité sur un mort-vivant ou une créature artificielle.",2.0
48,life,Blessed Healer,"Beginning at 6th level, the healing spells you cast on others heal you as well. When you cast a spell of 1st level or higher that restores hit points to a creature other than you, you regain hit points equal to 2 + the spell's level.",vie,Guérisseur béni,"À partir du niveau 6, les sorts de soins que vous lancez sur les autres vous soignent également. Lorsque vous lancez un sort de niveau 1 ou supérieur qui restaure des points de vie sur une créature autre que vous, vous récupérez un nombre de points de vie égal à 2 + le niveau du sort.",6.0
49,life,Divine Strike,"At 8th level, you gain the ability to infuse your weapon strikes with divine energy. Once on each of your turns when you hit a creature with a weapon attack, you can cause the attack to deal an extra 1d8 radiant damage to the target. When you reach 14th level, the extra damage increases to 2d8.",vie,Frappe divine,"Au niveau 8, vous obtenez la capacité d'imprégner vos attaques d'arme d'énergie divine. Une fois à chacun de vos tours, lorsque vous frappez une créature avec une attaque d'arme, vous pouvez faire en sorte que l'attaque inflige 1d8 dégâts radiants supplémentaires à la cible. Lorsque vous atteignez le niveau 14, les dégâts supplémentaires augmentent à 2d8.",8.0
50,life,Supreme Healing,"Starting at 17th level, when you would normally roll one or more dice to restore hit points with a spell, you instead use the highest number possible for each die. For example, instead of restoring 2d6 hit points to a creature, you restore 12.Source: Player's Handbook",vie,Guérison suprême,"À partir du niveau 17, alors que vous lanceriez normalement un ou plusieurs dés pour restaurer des points de vie avec un sort, vous utilisez à la place le nombre le plus élevé possible pour chaque dé. Par exemple, au lieu de restaurer 2d6 points de vie à une créature, vous en restaurez 12. Source : Manuel du joueur",17.0
51,light,Bonus Cantrip,"When you choose this domain at 1st level, you gain the Light cantrip if you don't already know it.",lumière,Bonus Cantrip,"Lorsque vous choisissez ce domaine au niveau 1, vous obtenez le tour de passe-passe Lumière si vous ne le connaissez pas déjà.",1.0
52,light,Warding Flare,"Also at 1st level, you can interpose divine light between yourself and an attacking enemy. When you are attacked by a creature within 30 feet of you that you can see, you can use your reaction to impose disadvantage on the attack roll, causing light to flare before the attacker before it hits or misses. An attacker that can't be blinded is immune to this feature.You can use this feature a number of times equal to your Wisdom modifier (a minimum of once). You regain all expended uses when you finish a long rest.",lumière,Fusée éclairante,"Au niveau 1, vous pouvez également interposer une lumière divine entre vous et un ennemi attaquant. Lorsque vous êtes attaqué par une créature à 9 mètres ou moins de vous que vous pouvez voir, vous pouvez utiliser votre réaction pour infliger un désavantage au jet d'attaque, ce qui fait que la lumière jaillit devant l'attaquant avant qu'il ne touche ou ne rate sa cible. Un attaquant qui ne peut pas être aveuglé est immunisé contre cette capacité. Vous pouvez utiliser cette capacité un nombre de fois égal à votre modificateur de Sagesse (au moins une fois). Vous récupérez toutes les utilisations dépensées lorsque vous terminez un repos long.",1.0
53,light,Channel Divinity: Radiance of the Dawn,"Starting at 2nd level, you can use your Channel Divinity to harness sunlight, banishing darkness and dealing radiant damage to your foes.As an action, you present your holy symbol, and any magical darkness within 30 feet of you is dispelled. Additionally, each hostile creature within 30 feet of you must make a Constitution saving throw. A creature takes radiant damage equal to 2d10 + your cleric level on a failed saving throw, and half as much damage on a successful one. A creature that has total cover from you is not affected.",lumière,Channel Divinity : Radiance de l'aube,"À partir du niveau 2, vous pouvez utiliser votre Canalisation divine pour maîtriser la lumière du soleil, bannir les ténèbres et infliger des dégâts radiants à vos ennemis. Par une action, vous présentez votre symbole sacré et toute obscurité magique à 9 mètres de vous est dissipée. De plus, chaque créature hostile à 9 mètres de vous doit effectuer un jet de sauvegarde de Constitution. Une créature subit des dégâts radiants égaux à 2d10 + votre niveau de prêtre en cas d'échec, et la moitié de ces dégâts en cas de réussite. Une créature qui bénéficie d'un abri total contre vous n'est pas affectée.",2.0
54,light,Improved Flare,"Starting at 6th level, you can also use your Warding Flare feature when a creature that you can see within 30 feet of you attacks a creature other than you.",lumière,Flare améliorée,"À partir du niveau 6, vous pouvez également utiliser votre fonction Flare de protection lorsqu'une créature que vous pouvez voir à moins de 30 pieds de vous attaque une créature autre que vous.",6.0
55,light,Potent Spellcasting,"Starting at 8th level, you add your Wisdom modifier to the damage you deal with any cleric cantrip.",lumière,Lancer de sorts puissant,"À partir du niveau 8, vous ajoutez votre modificateur de Sagesse aux dégâts que vous infligez avec n'importe quel tour de passe-passe de clerc.",8.0
56,light,Corona of Light,"Starting at 17th level, you can use your action to activate an aura of sunlight that lasts for 1 minute or until you dismiss it using another action. You emit bright light in a 60-foot radius and dim light 30 feet beyond that. Your enemies in the bright light have disadvantage on saving throws against any spell that deals fire or radiant damage.Source: Player's Handbook",lumière,Couronne de lumière,"À partir du niveau 17, vous pouvez utiliser votre action pour activer une aura de soleil qui dure 1 minute ou jusqu'à ce que vous la dissipiez par une autre action. Vous émettez une lumière vive dans un rayon de 18 mètres et une lumière tamisée dans un rayon de 9 mètres au-delà. Vos ennemis dans la lumière vive ont un désavantage aux jets de sauvegarde contre tout sort qui inflige des dégâts de feu ou radiants. Source : Manuel du joueur",17.0
57,nature,Acolyte of Nature,"At 1st level, you learn one cantrip of your choice from the druid spell list. You also gain proficiency in one of the following skills of your choice: Animal Handling, Nature, or Survival.",nature,Acolyte de la nature,"Au niveau 1, vous apprenez un sort de votre choix dans la liste des sorts de druide. Vous obtenez également la maîtrise de l'une des compétences suivantes de votre choix : Dressage d'animaux, Nature ou Survie.",1.0
58,nature,Bonus Proficiency,"Also at 1st level, you gain proficiency with heavy armor.",nature,Bonus de compétence,"Au niveau 1, vous acquérez également la maîtrise des armures lourdes.",1.0
59,nature,Channel Divinity: Charm Animals and Plants,"Starting at 2nd level, you can use your Channel Divinity to charm animals and plants.As an action, you present your holy symbol and invoke the name of your deity. Each beast or plant creature that can see you within 30 feet of you must make a Wisdom saving throw. If the creature fails its saving throw, it is charmed by you for 1 minute or until it takes damage. While it is charmed by you, it is friendly to you and other creatures you designate.",nature,Channel Divinity : charmez les animaux et les plantes,"À partir du niveau 2, vous pouvez utiliser votre Canalisation divine pour charmer les animaux et les plantes. Par une action, vous présentez votre symbole sacré et invoquez le nom de votre divinité. Chaque créature animale ou végétale qui peut vous voir dans un rayon de 9 mètres autour de vous doit effectuer un jet de sauvegarde de Sagesse. Si la créature rate son jet de sauvegarde, vous la charmez pendant 1 minute ou jusqu'à ce qu'elle subisse des dégâts. Tant que vous la charmez, elle est amicale envers vous et les autres créatures que vous désignez.",2.0
60,nature,Dampen Elements,"Starting at 6th level, when you or a creature within 30 feet of you takes acid, cold, fire, lightning, or thunder damage, you can use your reaction to grant resistance to the creature against that instance of the damage.",nature,Éléments d'amortissement,"À partir du niveau 6, lorsque vous ou une créature à moins de 9 mètres de vous subissez des dégâts d'acide, de froid, de feu, de foudre ou de tonnerre, vous pouvez utiliser votre réaction pour accorder une résistance à la créature contre cette instance de dégâts.",6.0
61,nature,Divine Strike,"At 8th level, you gain the ability to infuse your weapon strikes with divine energy. Once on each of your turns when you hit a creature with a weapon attack, you can cause the attack to deal an extra 1d8 cold, fire, or lightning damage (your choice) to the target. When you reach 14th level, the extra damage increases to 2d8.",nature,Frappe divine,"Au niveau 8, vous obtenez la capacité d'imprégner vos attaques d'arme d'énergie divine. Une fois à chacun de vos tours, lorsque vous frappez une créature avec une attaque d'arme, vous pouvez faire en sorte que l'attaque inflige 1d8 dégâts de froid, de feu ou de foudre supplémentaires (au choix) à la cible. Lorsque vous atteignez le niveau 14, les dégâts supplémentaires augmentent à 2d8.",8.0
62,nature,Master of Nature,"At 17th level, you gain the ability to command animals and plant creatures. While creatures are charmed by your Charm Animals and Plants feature, you can take a bonus action on your turn to verbally command what each of those creatures will do on its next turn.Source: Player's Handbook",nature,Maître de la nature,"Au niveau 17, vous obtenez la capacité de commander les animaux et les plantes. Tant que les créatures sont charmées par votre capacité Charmer les animaux et les plantes, vous pouvez effectuer une action bonus pendant votre tour pour commander verbalement ce que chacune de ces créatures fera lors de son prochain tour. Source : Manuel du joueur",17.0
63,order,Bonus Proficiencies,"When you choose this domain at 1st level, you gain proficiency with heavy armor. You also gain proficiency in the Intimidation or Persuasion skill (your choice).",commande,Compétences bonus,"Lorsque vous choisissez ce domaine au niveau 1, vous obtenez la maîtrise des armures lourdes. Vous obtenez également la maîtrise de la compétence Intimidation ou Persuasion (au choix).",1.0
64,order,Voice of Authority,"Starting at 1st level, you can invoke the power of law to drive an ally to attack. If you cast a spell with a spell slot of 1st level or higher and target an ally with the spell, that ally can use their reaction immediately after the spell to make one weapon attack against a creature of your choice that you can see.If the spell targets more than one ally, you choose the ally who can make the attack.",commande,Voix de l'autorité,"À partir du niveau 1, vous pouvez invoquer le pouvoir de la loi pour pousser un allié à attaquer. Si vous lancez un sort avec un emplacement de sort de niveau 1 ou supérieur et que vous ciblez un allié avec le sort, cet allié peut utiliser sa réaction immédiatement après le sort pour effectuer une attaque d'arme contre une créature de votre choix que vous pouvez voir. Si le sort cible plusieurs alliés, vous choisissez l'allié qui peut effectuer l'attaque.",1.0
65,order,Channel Divinity: Order's Demand,"Starting at 2nd level, you can use your Channel Divinity to exert an intimidating presence over others.As an action, you present your holy symbol, and each creature of your choice that can see or hear you within 30 feet of you must succeed on a Wisdom saving throw or be charmed by you until the end of your next turn or until the charmed creature takes any damage. You can also cause any of the charmed creatures to drop what they are holding when they fail the saving throw.",commande,Divinité du canal : la demande de l'ordre,"À partir du niveau 2, vous pouvez utiliser votre Canalisation divine pour exercer une présence intimidante sur les autres. Par une action, vous présentez votre symbole sacré et chaque créature de votre choix qui peut vous voir ou vous entendre dans un rayon de 9 mètres autour de vous doit réussir un jet de sauvegarde de Sagesse ou être charmée par vous jusqu'à la fin de votre prochain tour ou jusqu'à ce que la créature charmée subisse des dégâts. Vous pouvez également faire en sorte que l'une des créatures charmées lâche ce qu'elle tient lorsqu'elle échoue au jet de sauvegarde.",2.0
66,order,Embodiment of the Law,"At 6th level, you become remarkably adept at channeling magical energy to compel others.If you cast a spell of the enchantment school using a spell slot of 1st level or higher, you can change the spell's casting time to 1 bonus action for this casting, provided the spell's casting time is normally 1 action.You can use this feature a number of times equal to your Wisdom modifier (minimum of once), and you regain all expended uses of it when you finish a long rest.",commande,Incarnation de la loi,"Au niveau 6, vous devenez remarquablement habile à canaliser l'énergie magique pour contraindre les autres. Si vous lancez un sort de l'école d'enchantement en utilisant un emplacement de sort de niveau 1 ou supérieur, vous pouvez changer le temps d'incantation du sort à 1 action bonus pour cette incantation, à condition que le temps d'incantation du sort soit normalement de 1 action. Vous pouvez utiliser cette fonctionnalité un nombre de fois égal à votre modificateur de Sagesse (minimum d'une fois), et vous récupérez toutes les utilisations dépensées lorsque vous terminez un repos long.",6.0
67,order,Divine Strike,"At 8th level, you gain the ability to infuse your weapon strikes with divine energy. Once on each of your turns when you hit a creature with a weapon attack, you can cause the attack to deal an extra 1d8 psychic damage to the target. When you reach 14th level, the extra damage increases to 2d8.",commande,Frappe divine,"Au niveau 8, vous obtenez la capacité d'imprégner vos attaques d'arme d'énergie divine. Une fois à chacun de vos tours, lorsque vous frappez une créature avec une attaque d'arme, vous pouvez faire en sorte que l'attaque inflige 1d8 dégâts psychiques supplémentaires à la cible. Lorsque vous atteignez le niveau 14, les dégâts supplémentaires augmentent à 2d8.",8.0
68,order,Order's Wrath,"Starting at 17th level, enemies you designate for destruction wilt under the combined efforts of you and your allies. If you deal your Divine Strike damage to a creature on your turn, you can curse that creature until the start of your next turn. The next time one of your allies hits the cursed creature with an attack, the target also takes 2d8 psychic damage, and the curse ends. You can curse a creature in this way only once per turn.Source: Guildmasters' Guide to Ravnica",commande,La colère de l'ordre,"À partir du niveau 17, les ennemis que vous désignez pour destruction flétrissent sous les efforts combinés de vous et de vos alliés. Si vous infligez vos dégâts de Frappe divine à une créature pendant votre tour, vous pouvez maudire cette créature jusqu'au début de votre prochain tour. La prochaine fois que l'un de vos alliés touche la créature maudite avec une attaque, la cible subit également 2d8 dégâts psychiques et la malédiction prend fin. Vous ne pouvez maudire une créature de cette manière qu'une seule fois par tour. Source : Guide des maîtres de guilde sur Ravnica",17.0
69,peace,Domain Spells,"1st-level Peace Domain feature
You gain domain spells at the cleric levels listed in the Peace Domain Spells table. See the Divine Domain class feature for how domain spells work.

Cleric Level
Spells


1st
Heroism, Sanctuary


3rd
Aid, Warding Bond


5th
Beacon of Hope, Sending


7th
Aura of Purity, Otiluke's Resilient Sphere


9th
Greater Restoration, Rary's Telepathic Bond

",paix,Sorts de domaine,"1er niveau de compétence du Domaine de la paix
Vous obtenez des sorts de domaine aux niveaux de prêtre répertoriés dans le tableau des sorts du Domaine de la paix. Consultez la compétence de classe du Domaine divin pour savoir comment fonctionnent les sorts de domaine.

Niveau de prêtre
Sorts

1er
Héroïsme, Sanctuaire

3e
Aide, Lien de protection

5e
Lanterne d'espoir, Envoi

7e
Aura de pureté, Sphère résiliente d'Otiluke

9e
Restauration supérieure, Lien télépathique de Rary",1.0
70,peace,Implement of Peace,"1st-level Peace Domain feature
You gain proficiency in the Insight, Performance, or Persuasion skill (your choice).",paix,Instrument de paix,"Fonctionnalité du domaine de la paix de niveau 1
Vous obtenez la maîtrise de la compétence Perspicacité, Performance ou Persuasion (à votre choix).",1.0
71,peace,Emboldening Bond,"1st-level Peace Domain feature
You can forge an empowering bond among people who are at peace with one another. As an action, you choose a number of willing creatures within 30 feet of you (this can include yourself) equal to your proficiency bonus. You create a magical bond among them for 10 minutes or until you use this feature again. While any bonded creature is within 30 feet of another, the creature can roll a d4 and add the number rolled to an attack roll, an ability check, or a saving throw it makes. Each creature can add the d4 no more than once per turn.You can use this feature a number of times equal to your proficiency bonus, and you regain all expended uses when you finish a long rest.",paix,Lien enhardissant,"1er niveau - Domaine de la paix
Vous pouvez forger un lien puissant entre des personnes en paix les unes avec les autres. Par une action, vous choisissez un nombre de créatures consentantes dans un rayon de 9 mètres autour de vous (cela peut vous inclure) égal à votre bonus de maîtrise. Vous créez un lien magique entre elles pendant 10 minutes ou jusqu'à ce que vous utilisiez à nouveau cette capacité. Tant qu'une créature liée se trouve à 9 mètres ou moins d'une autre, la créature peut lancer un d4 et ajouter le résultat obtenu à un jet d'attaque, à un test de caractéristique ou à un jet de sauvegarde qu'elle effectue. Chaque créature ne peut ajouter le d4 qu'une fois par tour. Vous pouvez utiliser cette capacité un nombre de fois égal à votre bonus de maîtrise, et vous récupérez toutes les utilisations dépensées lorsque vous terminez un repos long.",1.0
72,peace,Channel Divinity: Balm of Peace,"2nd-level Peace Domain feature
You can use your Channel Divinity to make your very presence a soothing balm. As an action, you can move up to your speed, without provoking opportunity attacks, and when you move within 5 feet of any other creature during this action, you can restore a number of hit points to that creature equal to 2d6 + your Wisdom modifier (minimum of 1 hit point). A creature can receive this healing only once whenever you take this action.",paix,Channel Divinity : Baume de Paix,"2e niveau de compétence du Domaine de la paix
Vous pouvez utiliser votre Canalisation divine pour transformer votre simple présence en un baume apaisant. Par une action, vous pouvez vous déplacer jusqu'à votre vitesse, sans provoquer d'attaques d'opportunité, et lorsque vous vous déplacez à 1,50 mètre ou moins d'une autre créature pendant cette action, vous pouvez restaurer un nombre de points de vie à cette créature égal à 2d6 + votre modificateur de Sagesse (minimum de 1 point de vie). Une créature ne peut recevoir ce soin qu'une seule fois lorsque vous effectuez cette action.",2.0
73,peace,Protective Bond,"6th-level Peace Domain feature
The bond you forge between people helps them protect each other. When a creature affected by your Emboldening Bond feature is about to take damage, a second bonded creature within 30 feet of the first can use its reaction to teleport to an unoccupied space within 5 feet of the first creature. The second creature then takes all the damage instead.",paix,Lien protecteur,"Capacité du Domaine de la paix de niveau 6
Le lien que vous créez entre les personnes les aide à se protéger mutuellement. Lorsqu'une créature affectée par votre capacité Lien enhardissant est sur le point de subir des dégâts, une seconde créature liée à 9 mètres ou moins de la première peut utiliser sa réaction pour se téléporter dans un espace inoccupé à 1,5 mètre ou moins de la première créature. La seconde créature subit alors tous les dégâts à sa place.",6.0
74,peace,Potent Spellcasting,"8th-level Peace Domain feature
You add your Wisdom modifier to the damage you deal with any Cleric Cantrip.",paix,Lancer de sorts puissant,"Fonctionnalité du Domaine de la paix de niveau 8
Vous ajoutez votre modificateur de Sagesse aux dégâts que vous infligez avec n'importe quel sort de Clerc.",8.0
75,peace,Expansive Bond,"17th-level Peace Domain feature
The benefits of your Emboldening Bond and Protective Bond features now work when the creatures are within 60 feet of each other. Moreover, when a creature uses Protective Bond to take someone else's damage, the creature has resistance to that damage.Source: Tasha's Cauldron of Everything",paix,Obligation expansive,"Fonctionnalité du Domaine de paix de niveau 17
Les avantages de vos fonctionnalités Lien d'encouragement et Lien protecteur fonctionnent désormais lorsque les créatures se trouvent à moins de 18 mètres l'une de l'autre. De plus, lorsqu'une créature utilise Lien protecteur pour subir les dégâts d'une autre créature, elle bénéficie d'une résistance à ces dégâts.Source : Le chaudron de tout de Tasha",17.0
76,tempest,Bonus Proficiencies,"At 1st level, you gain proficiency with martial weapons and heavy armor.",tempête,Compétences bonus,"Au niveau 1, vous acquérez la maîtrise des armes martiales et des armures lourdes.",1.0
77,tempest,Wrath of the Storm,"Also at 1st level, you can thunderously rebuke attackers. When a creature within 5 feet of you that you can see hits you with an attack, you can use your reaction to cause the creature to make a Dexterity saving throw. The creature takes 2d8 lightning or thunder damage (your choice) on a failed saving throw, and half as much damage on a successful one.You can use this feature a number of times equal to your Wisdom modifier (a minimum of once). You regain all expended uses when you finish a long rest.",tempête,La colère de la tempête,"Au niveau 1, vous pouvez également repousser les attaquants de manière tonitruante. Lorsqu'une créature à 1,50 mètre ou moins de vous que vous pouvez voir vous frappe avec une attaque, vous pouvez utiliser votre réaction pour forcer la créature à effectuer un jet de sauvegarde de Dextérité. La créature subit 2d8 dégâts de foudre ou de tonnerre (au choix) en cas d'échec du jet de sauvegarde, et la moitié de ces dégâts en cas de réussite. Vous pouvez utiliser cette capacité un nombre de fois égal à votre modificateur de Sagesse (au moins une fois). Vous récupérez toutes les utilisations dépensées lorsque vous terminez un repos long.",1.0
78,tempest,Channel Divinity: Destructive Wrath,"Starting at 2nd level, you can use your Channel Divinity to wield the power of the storm with unchecked ferocity.When you roll lightning or thunder damage, you can use your Channel Divinity to deal maximum damage, instead of rolling.",tempête,Divinité de la chaîne : Colère destructrice,"À partir du niveau 2, vous pouvez utiliser votre Canalisation divine pour exercer le pouvoir de la tempête avec une férocité incontrôlée. Lorsque vous infligez des dégâts de foudre ou de tonnerre, vous pouvez utiliser votre Canalisation divine pour infliger un maximum de dégâts, au lieu de lancer un jet.",2.0
79,tempest,Thunderous Strike,"At 6th level, when you deal lightning damage to a Large or smaller creature, you can also push it up to 10 feet away from you.",tempête,Frappe tonitruante,"Au niveau 6, lorsque vous infligez des dégâts de foudre à une créature de grande taille ou plus petite, vous pouvez également la pousser jusqu'à 3 mètres de vous.",6.0
80,tempest,Divine Strike,"At 8th level, you gain the ability to infuse your weapon strikes with divine energy. Once on each of your turns when you hit a creature with a weapon attack, you can cause the attack to deal an extra 1d8 thunder damage to the target. When you reach 14th level, the extra damage increases to 2d8.",tempête,Frappe divine,"Au niveau 8, vous obtenez la capacité d'imprégner vos attaques d'arme d'énergie divine. Une fois à chacun de vos tours, lorsque vous frappez une créature avec une attaque d'arme, vous pouvez faire en sorte que l'attaque inflige 1d8 dégâts de foudre supplémentaires à la cible. Lorsque vous atteignez le niveau 14, les dégâts supplémentaires augmentent à 2d8.",8.0
81,tempest,Stormborn,"At 17th level, you have a flying speed equal to your current walking speed whenever you are not underground or indoors.Source: Player's Handbook",tempête,Né de la tempête,"Au niveau 17, vous avez une vitesse de vol égale à votre vitesse de marche actuelle lorsque vous n'êtes pas sous terre ou à l'intérieur.Source : Manuel du joueur",17.0
82,trickery,Blessing of the Trickster,"Starting when you choose this domain at 1st level, you can use your action to touch a willing creature other than yourself to give it advantage on Dexterity (Stealth) checks. This blessing lasts for 1 hour or until you use this feature again.",tromperie,Bénédiction du Trickster,"À partir du moment où vous choisissez ce domaine au niveau 1, vous pouvez utiliser votre action pour toucher une créature consentante autre que vous-même afin de lui donner un avantage aux tests de Dextérité (Discrétion). Cette bénédiction dure 1 heure ou jusqu'à ce que vous utilisiez à nouveau cette capacité.",1.0
83,trickery,Channel Divinity: Invoke Duplicity,"Starting at 2nd level, you can use your Channel Divinity to create an illusory duplicate of yourself.As an action, you create a perfect illusion of yourself that lasts for 1 minute, or until you lose your concentration (as if you were concentrating on a spell). The illusion appears in an unoccupied space that you can see within 30 feet of you. As a bonus action on your turn, you can move the illusion up to 30 feet to a space you can see, but it must remain within 120 feet of you.For the duration, you can cast spells as though you were in the illusion's space, but you must use your own senses. Additionally, when both you and your illusion are within 5 feet of a creature that can see the illusion, you have advantage on attack rolls against that creature, given how distracting the illusion is to the target.",tromperie,Canaliser la divinité : invoquer la duplicité,"À partir du niveau 2, vous pouvez utiliser votre Canalisation divine pour créer un double illusoire de vous-même. Par une action, vous créez une illusion parfaite de vous-même qui dure 1 minute, ou jusqu'à ce que vous perdiez votre concentration (comme si vous vous concentriez sur un sort). L'illusion apparaît dans un espace inoccupé que vous pouvez voir à 9 mètres de vous. Par une action bonus à votre tour, vous pouvez déplacer l'illusion jusqu'à 9 mètres vers un espace que vous pouvez voir, mais elle doit rester à 36 mètres de vous. Pendant toute la durée de l'illusion, vous pouvez lancer des sorts comme si vous étiez dans l'espace de l'illusion, mais vous devez utiliser vos propres sens. De plus, lorsque vous et votre illusion êtes à 1,5 mètre d'une créature qui peut voir l'illusion, vous avez l'avantage aux jets d'attaque contre cette créature, compte tenu de la distraction que l'illusion provoque pour la cible.",2.0
84,trickery,Channel Divinity: Cloak of Shadows,"Starting at 6th level, you can use your Channel Divinity to vanish.As an action, you become invisible until the end of your next turn. You become visible if you attack or cast a spell.",tromperie,Divinité du canal : Cape des ombres,"À partir du niveau 6, vous pouvez utiliser votre Canalisation divine pour disparaître. En tant qu'action, vous devenez invisible jusqu'à la fin de votre prochain tour. Vous devenez visible si vous attaquez ou lancez un sort.",6.0
85,trickery,Divine Strike,"At 8th level, you gain the ability to infuse your weapon strikes with poison – a gift from your deity. Once on each of your turns when you hit a creature with a weapon attack, you can cause the attack to deal an extra 1d8 poison damage to the target. When you reach 14th level, the extra damage increases to 2d8.",tromperie,Frappe divine,"Au niveau 8, vous obtenez la capacité d'injecter du poison dans vos attaques d'arme, un don de votre divinité. Une fois à chacun de vos tours, lorsque vous frappez une créature avec une attaque d'arme, vous pouvez faire en sorte que l'attaque inflige 1d8 dégâts de poison supplémentaires à la cible. Lorsque vous atteignez le niveau 14, les dégâts supplémentaires augmentent à 2d8.",8.0
86,trickery,Improved Duplicity,"At 17th level, you can create up to four duplicates of yourself, instead of one, when you use Invoke Duplicity. As a bonus action on your turn, you can move any number of them up to 30 feet, to a maximum range of 120 feet.Source: Player's Handbook",tromperie,Duplicité améliorée,"Au niveau 17, vous pouvez créer jusqu'à quatre copies de vous-même, au lieu d'une, lorsque vous utilisez Invoquer la duplicité. En tant qu'action bonus lors de votre tour, vous pouvez déplacer n'importe quel nombre d'entre elles jusqu'à 9 mètres, avec une portée maximale de 36 mètres. Source : Manuel du joueur",17.0
87,twilight,Twilight Deities,"

Example Deity
Pantheon


Boldrei
Eberron


Celestian
Greyhawk


Dol Arrah
Eberron


Helm
Forgotten Realms


Ilmater
Forgotten Realms


Mishakal
Dragon lance


Selûne
Forgotten Realms


Yondalla
Halfling

",crépuscule,Divinités du Crépuscule,"Exemple de divinité
Panthéon

Boldrei
Eberron

Célestien
Greyhawk

Dol Arrah
Eberron

Helm
Royaumes oubliés

Ilmater
Royaumes oubliés

Mishakal
Lance du dragon

Sélûne
Royaumes oubliés

Yondalla
Halfling",
88,twilight,Domain Spells,"1st-level Twilight Domain feature
You gain domain spells at the cleric levels listed in the Twilight Domain Spells table. See the Divine Domain class feature for how domain spells work.

Cleric Level
Spells


1st
Faerie Fire, Sleep


3rd
Moonbeam, See Invisibility


5th
Aura of Vitality, Leomund's Tiny Hut


7th
Aura of Life, Greater Invisibility


9th
Circle of Power, Mislead

",crépuscule,Sorts de domaine,"1er niveau - Domaine du Crépuscule
Vous obtenez des sorts de domaine aux niveaux de clerc répertoriés dans le tableau des sorts du Domaine du Crépuscule. Consultez la capacité de classe du Domaine divin pour savoir comment fonctionnent les sorts de domaine.

Niveau de clerc
Sorts

1er
Feu de fée, Sommeil

3e
Rayon de lune, Voir Invisibilité

5e
Aura de vitalité, Petite cabane de Leomund

7e
Aura de vie, Invisibilité supérieure

9e
Cercle de pouvoir, Tromper",1.0
89,twilight,Bonus Proficiencies,"1st-level Twilight Domain feature
You gain proficiency with martial weapons and heavy armor.",crépuscule,Compétences bonus,"Fonctionnalité Domaine du Crépuscule de niveau 1
Vous maîtrisez les armes martiales et les armures lourdes.",1.0
90,twilight,Eyes of Night,"1st-level Twilight Domain feature
You can see through the deepest gloom. You have darkvision out to a range of 300 feet. In that radius, you can see in dim light as if it were bright light and in darkness as if it were dim light.As an action, you can magically share the darkvision of this feature with willing creatures you can see within 10 feet of you, up to a number of creatures equal to your Wisdom modifier (minimum of one creature). The shared darkvision lasts for 1 hour. Once you share it, you can't do so again until you finish a long rest, unless you expend a spell slot of any level to share it again.",crépuscule,Les yeux de la nuit,"1er niveau Domaine du Crépuscule
Vous pouvez voir à travers les ténèbres les plus profondes. Vous avez la vision dans le noir jusqu'à une portée de 90 mètres. Dans ce rayon, vous pouvez voir dans la pénombre comme s'il s'agissait d'une lumière vive et dans l'obscurité comme s'il s'agissait d'une lumière tamisée. En tant qu'action, vous pouvez partager magiquement la vision dans le noir de cette aptitude avec des créatures consentantes que vous pouvez voir à 3 mètres ou moins de vous, jusqu'à un nombre de créatures égal à votre modificateur de Sagesse (minimum d'une créature). La vision dans le noir partagée dure 1 heure. Une fois que vous l'avez partagée, vous ne pouvez plus le faire avant d'avoir terminé un repos long, à moins que vous ne dépensiez un emplacement de sort de n'importe quel niveau pour la partager à nouveau.",1.0
91,twilight,Vigilant Blessing,"1st-level Twilight Domain feature
The night has taught you to be vigilant. As an action, you give one creature you touch (including possibly yourself) advantage on the next initiative roll the creature makes. This benefit ends immediately after the roll or if you use this feature again.",crépuscule,Bénédiction vigilante,"1er niveau - Domaine du Crépuscule
La nuit vous a appris à être vigilant. Par une action, vous donnez à une créature que vous touchez (y compris peut-être vous-même) un avantage sur le prochain jet d'initiative de la créature. Cet avantage prend fin immédiatement après le jet ou si vous utilisez à nouveau cette capacité.",1.0
92,twilight,Channel Divinity: Twilight Sanctuary,"2nd-level Twilight Domain feature
You can use your Channel Divinity to refresh your allies with soothing twilight.As an action, you present your holy symbol, and a sphere of twilight emanates from you. The sphere is centered on you, has a 30-foot radius, and is filled with dim light. The sphere moves with you, and it lasts for 1 minute or until you are incapacitated or die. Whenever a creature (including you) ends its turn in the sphere, you can grant that creature one of these benefits:
You grant it temporary hit points equal to 1d6 plus your cleric level.
You end one effect on it causing it to be charmed or frightened.
",crépuscule,Channel Divinity : Sanctuaire du Crépuscule,"2e niveau - Domaine du Crépuscule
Vous pouvez utiliser votre Canalisation de Divinité pour rafraîchir vos alliés avec un crépuscule apaisant. En tant qu'action, vous présentez votre symbole sacré et une sphère de crépuscule émane de vous. La sphère est centrée sur vous, a un rayon de 9 mètres et est remplie d'une faible lumière. La sphère se déplace avec vous et elle reste en place pendant 1 minute ou jusqu'à ce que vous soyez neutralisé ou mouriez. Chaque fois qu'une créature (y compris vous) termine son tour dans la sphère, vous pouvez lui accorder l'un de ces avantages :
Vous lui accordez des points de vie temporaires égaux à 1d6 plus votre niveau de prêtre.
Vous mettez fin à un effet sur elle, la faisant être charmée ou effrayée.",2.0
93,twilight,Steps of Night,"6th-level Twilight Domain feature
You can draw on the mystical power of night to rise into the air. As a bonus action when you are in dim light or darkness, you can magically give yourself a flying speed equal to your walking speed for 1 minute. You can use this bonus action a number of times equal to your proficiency bonus, and you regain all expended uses when you finish a long rest.",crépuscule,Les pas de la nuit,"6e niveau - Domaine du Crépuscule
Vous pouvez faire appel au pouvoir mystique de la nuit pour vous élever dans les airs. En tant qu'action bonus lorsque vous êtes dans la pénombre ou dans l'obscurité, vous pouvez par magie vous donner une vitesse de vol égale à votre vitesse de marche pendant 1 minute. Vous pouvez utiliser cette action bonus un nombre de fois égal à votre bonus de maîtrise, et vous récupérez toutes les utilisations dépensées lorsque vous terminez un repos long.",6.0
94,twilight,Divine Strike,"8th-level Twilight Domain feature
You gain the ability to infuse your weapon strikes with divine energy. Once on each of your turns when you hit a creature with a weapon attack, you can cause the attack to deal an extra 1d8 radiant damage. When you reach 14th level, the extra damage increases to 2d8.",crépuscule,Frappe divine,"8e niveau de compétence Domaine du Crépuscule
Vous obtenez la capacité d'imprégner vos attaques d'arme d'énergie divine. Une fois à chacun de vos tours, lorsque vous frappez une créature avec une attaque d'arme, vous pouvez faire en sorte que l'attaque inflige 1d8 dégâts radiants supplémentaires. Lorsque vous atteignez le niveau 14, les dégâts supplémentaires augmentent à 2d8.",8.0
95,twilight,Twilight Shroud,"17th-level Twilight Domain feature
The twilight that you summon offers a protective embrace: you and your allies have half cover while in the sphere created by your Twilight Sanctuary.Source: Tasha's Cauldron of Everything",crépuscule,Linceul du Crépuscule,"Fonctionnalité du Domaine du Crépuscule de niveau 17
Le crépuscule que vous invoquez offre une étreinte protectrice : vous et vos alliés êtes à moitié couverts lorsque vous vous trouvez dans la sphère créée par votre Sanctuaire du Crépuscule.Source : Le Chaudron de Tout de Tasha",17.0
96,war,Bonus Proficiency,"At 1st level, you gain proficiency with martial weapons and heavy armor.",guerre,Bonus de compétence,"Au niveau 1, vous acquérez la maîtrise des armes martiales et des armures lourdes.",1.0
97,war,War Preist,"From 1st level, your god delivers bolts of inspiration to you while you are engaged in battle. When you use the Attack action, you can make one weapon attack as a bonus action.You can use this feature a number of times equal to your Wisdom modifier (a minimum of once). You regain all expended uses when you finish a long rest.",guerre,Prêtre de guerre,"À partir du niveau 1, votre dieu vous envoie des éclairs d'inspiration lorsque vous êtes engagé dans la bataille. Lorsque vous utilisez l'action Attaquer, vous pouvez effectuer une attaque d'arme en tant qu'action bonus. Vous pouvez utiliser cette capacité un nombre de fois égal à votre modificateur de Sagesse (au moins une fois). Vous récupérez toutes les utilisations dépensées lorsque vous terminez un repos long.",1.0
98,war,Channel Divinity: Guided Strike,"Starting at 2nd level, you can use your Channel Divinity to strike with supernatural accuracy. When you make an attack roll, you can use your Channel Divinity to gain a +10 bonus to the roll. You make this choice after you see the roll, but before the DM says whether the attack hits or misses.Channel Divinity: War God's BlessingAt 6th level, when a creature within 30 feet of you makes an attack roll, you can use your reaction to grant that creature a +10 bonus to the roll, using your Channel Divinity. You make this choice after you see the roll, but before the DM says whether the attack hits or misses.",guerre,Channel Divinity : Frappe guidée,"À partir du niveau 2, vous pouvez utiliser votre Canalisation de Divinité pour frapper avec une précision surnaturelle. Lorsque vous effectuez un jet d'attaque, vous pouvez utiliser votre Canalisation de Divinité pour obtenir un bonus de +10 au jet. Vous faites ce choix après avoir vu le jet, mais avant que le MD ne dise si l'attaque touche ou rate. Canalisation de Divinité : Bénédiction du Dieu de la GuerreAu niveau 6, lorsqu'une créature à 9 mètres ou moins de vous effectue un jet d'attaque, vous pouvez utiliser votre réaction pour accorder à cette créature un bonus de +10 au jet, en utilisant votre Canalisation de Divinité. Vous faites ce choix après avoir vu le jet, mais avant que le MD ne dise si l'attaque touche ou rate.",2.0
99,war,Divine Strike,"At 8th level, you gain the ability to infuse your weapon strikes with divine energy. Once on each of your turns when you hit a creature with a weapon attack, you can cause the attack to deal an extra 1d8 damage of the same type dealt by the weapon to the target. When you reach 14th level, the extra damage increases to 2d8.",guerre,Frappe divine,"Au niveau 8, vous obtenez la capacité d'imprégner vos attaques d'arme d'énergie divine. Une fois à chacun de vos tours, lorsque vous frappez une créature avec une attaque d'arme, vous pouvez faire en sorte que l'attaque inflige 1d8 dégâts supplémentaires du même type que celui infligé par l'arme à la cible. Lorsque vous atteignez le niveau 14, les dégâts supplémentaires augmentent à 2d8.",8.0
100,war,Avatar of Battle,"At 17th level, you gain resistance to bludgeoning, piercing, and slashing damage from nonmagical weapons.Source: Player's Handbook",guerre,Avatar de la bataille,"Au niveau 17, vous gagnez une résistance aux dégâts contondants, perforants et tranchants des armes non magiques.Source : Manuel du joueur",17.0
